id;first_name;last_name;email;password
1;Alice;Martin;alice.martin@example.com;$2b$12$TdGoAb13plbx6RG2Tg5AXe/WIvlxoKTmtpGatP1Ye18Uek4GoCTau
2;Bob;Dubois;bob.dubois@example.com;$2b$12$IYXExYqBT0zkX7y64pfO9uH9sR1e4yT7ECl2Py0Ookp4JONeokFOS
3;Clara;Lefevre;clara.lefevre@example.com;$2b$12$EBtL0y3DuPRTA2PA.pN54uZJ6YYLj6Q58m9n0FmyYoITC8ooG4Sdu
4;David;Moreau;david.moreau@example.com;$2b$12$o7fa2Oco61qU2zYAQWJJpeKbIJLct8xVhMst2Nhyr3BWX7g1sOerW
5;Eva;Simon;eva.simon@example.com;$2b$12$JhKNLM94PA5ZCnhJg5S1Pu0TQ9oz8zfpvSupJ1g9/nqE/O7zVfFXC
6;Franck;Michel;franck.michel@example.com;$2b$12$jwCeM98YgndRjVZktdJiVexuopl/etSWQ/sLeNfXtcGuuw9MU4fX6
7;Georges;Lambert;georges.lambert@example.com;$2b$12$uq4qlXJKrHLUYXjGntE94uhjoBoytl9cOAX/uMKwKM69aNNbqb7Yu
8;Hélène;Petit;helene.petit@example.com;$2b$12$dbrCkgwhgYDmic5DXkxLpujvsXbV.dyXMqiVHuBwWVuPZS41E21tq
9;Isabelle;Girard;isabelle.girard@example.com;$2b$12$pP4n0kI2DfGcGS4fZw1GR.tewLyw03BgiSCaUY.JzQda5mdOsRJU2
10;Julien;Laurent;julien.laurent@example.com;$2b$12$XFpbBf1x2shBbhw7UIm6FOUSAghMNhbOgr8fnvzFNE8Ua404qkuxK
11;Kevin;Bernard;kevin.bernard@example.com;$2b$12$.IupSfqr9jgJFUL2yPkdxeqUHLARZhqzA8vcdFJMP3sMW7nHK06q6
12;Louise;Perrin;louise.perrin@example.com;$2b$12$YJbyHhju4s/m7YDlAd8CKe07aOL4cXMxE5WPlUjRcIYAY3jnA8YSO
13;Marc;Rousseau;marc.rousseau@example.com;$2b$12$FGVBJv/5mL.k39zXYgeiD.ifnVwnJAJ5UMiU859RcIHRzuLjtIdTi
14;Nadia;Morel;nadia.morel@example.com;$2b$12$fXNg4Lln218sz05TLjGdsOqI3aX2J0PliiHic7w8po2J2qNDwcfg6
15;Olivier;Fournier;olivier.fournier@example.com;$2b$12$PhnqV1hnfBDqGX6ShqRLHeyU.y.Vci./3wHFZPvu1xGElEiCC4NgO
16;Pauline;Dupont;pauline.dupont@example.com;$2b$12$NvYMmOxZ8FvZmuegS40kUuOtnpNUre.gDKjrGfbPg4EAtzasvV1aG
17;Quentin;Durand;quentin.durand@example.com;$2b$12$y7SFI9qZDX9dPDcZ5LPUKuH6m0rQE/hcy1Cb5HBQbZuPZtj6G2mIq
18;Rebecca;Fabre;rebecca.fabre@example.com;$2b$12$33uZJ9PG5JkUt9/OdKhNLO.QW8apSRU/rqOyOsp3bBujlPtke7lfu
19;Samuel;Leroy;samuel.leroy@example.com;$2b$12$V.qkhxY6npR78pRvsNw8xupMcjSeBUnNboxVkGS2rACYgV9KpccG2
20;Thomas;Lefebvre;thomas.lefebvre@example.com;$2b$12$6YhsJMGfO9gUEew7Nz0NZ.PQD05o2PPFXoGaR2exKwtnj9d3bddZC
